{
  "timestamp": "2025-09-25T13:37:52",
  "model": "DNN-30-16-8",
  "learning_rate": 0.0001,
  "epochs_trained": 1000,
  "train_mse": 16592.013085561084,
  "val_mse": 15920.66975806657,
  "test_mse": 16252.444684426484,
  "train_r2": -23.231975273177607,
  "val_r2": -21.70398374298569,
  "test_r2": -23.299015641605006
}