{
  "timestamp": "2025-09-25T14:08:30",
  "model": "DNN-30-8",
  "learning_rate": 0.1,
  "epochs_trained": 100,
  "train_mse": 196.94438142955568,
  "val_mse": 208.44228729263114,
  "test_mse": 205.05364381509787,
  "train_r2": 0.7123705630906649,
  "val_r2": 0.7027467830211831,
  "test_r2": 0.6934244788905127
}