{
  "timestamp": "2025-09-25T13:34:16",
  "model": "DNN-30-8",
  "learning_rate": 0.001,
  "epochs_trained": 1000,
  "train_mse": 362.3404926835423,
  "val_mse": 350.1917246258791,
  "test_mse": 330.21258123510523,
  "train_r2": 0.4708161201476251,
  "val_r2": 0.5006022143757078,
  "test_r2": 0.5062994624940801
}