{
  "timestamp": "2025-09-25T13:38:49",
  "model": "DNN-30-16-8-4",
  "learning_rate": 0.1,
  "epochs_trained": 360,
  "train_mse": 72.56793788948717,
  "val_mse": 153.19371428574823,
  "test_mse": 160.7958371610817,
  "train_r2": 0.8940174126252459,
  "val_r2": 0.7815350954749275,
  "test_r2": 0.7595942863890466
}