{
  "timestamp": "2025-09-25T13:38:59",
  "model": "DNN-30-16-8-4",
  "learning_rate": 0.01,
  "epochs_trained": 320,
  "train_mse": 305.83163525068744,
  "val_mse": 315.06139041062465,
  "test_mse": 313.2718012325551,
  "train_r2": 0.553345059159859,
  "val_r2": 0.5507005173384125,
  "test_r2": 0.5316276076596749
}