{
  "timestamp": "2025-09-25T14:10:56",
  "model": "DNN-30-8",
  "learning_rate": 0.01,
  "epochs_trained": 1673,
  "train_mse": 140.20823965194052,
  "val_mse": 157.86632930145493,
  "test_mse": 148.00692065723624,
  "train_r2": 0.7952314418496802,
  "val_r2": 0.7748716210755491,
  "test_r2": 0.778714984117918
}