{
  "timestamp": "2025-09-25T14:18:46",
  "model": "DNN-30-8",
  "learning_rate": 0.02,
  "epochs_trained": 2079,
  "train_mse": 104.05642929497401,
  "val_mse": 135.80514981666036,
  "test_mse": 138.69297176704796,
  "train_r2": 0.8480297231753482,
  "val_r2": 0.8063323992956415,
  "test_r2": 0.7926402608478034
}