{
  "timestamp": "2025-09-25T13:41:47",
  "model": "DNN-40-8",
  "learning_rate": 0.001,
  "epochs_trained": 1500,
  "train_mse": 346.18065239979404,
  "val_mse": 337.5239552272411,
  "test_mse": 327.76217613971335,
  "train_r2": 0.49441692423058825,
  "val_r2": 0.518667335683864,
  "test_r2": 0.5099630609801744
}