{
  "timestamp": "2025-09-25T13:40:22",
  "model": "DNN-40-8",
  "learning_rate": 0.1,
  "epochs_trained": 404,
  "train_mse": 143.56776389475553,
  "val_mse": 160.94850662165845,
  "test_mse": 160.2867905418508,
  "train_r2": 0.7903249902960481,
  "val_r2": 0.7704762215832981,
  "test_r2": 0.7603553615382425
}