{
  "timestamp": "2025-09-24T11:30:10",
  "model": "LinearRegression",
  "train_mse": 311.31831318661256,
  "val_mse": 266.39019623206474,
  "test_mse": 252.381409091771,
  "train_r2": 0.5453319842309989,
  "val_r2": 0.6201090295539138,
  "test_r2": 0.6226647789764397,
  "n_features": 31,
  "n_train": 2132,
  "n_val": 457,
  "n_test": 458
}