{
  "timestamp": "2025-09-25T14:29:01",
  "model": "DNN-16",
  "learning_rate": 0.1,
  "epochs_trained": 1264,
  "train_mse": 136.45887468197307,
  "val_mse": 141.95020192284701,
  "test_mse": 128.31373351471623,
  "train_r2": 0.8007072402819653,
  "val_r2": 0.7975691270691089,
  "test_r2": 0.8081582507587626,
  "n_features": 31,
  "n_train": 2132,
  "n_val": 457,
  "n_test": 458
}