{
  "timestamp": "2025-09-25T14:37:21",
  "model": "DNN-16",
  "learning_rate": 0.1,
  "epochs_trained": 679,
  "train_mse": 128.30523131237908,
  "val_mse": 129.07629033552269,
  "test_mse": 139.67114846389475,
  "train_r2": 0.8126153121656747,
  "val_r2": 0.8159282214934594,
  "test_r2": 0.7911777897353984,
  "n_features": 31,
  "n_train": 2132,
  "n_val": 457,
  "n_test": 458
}