{
  "timestamp": "2025-09-25T14:37:50",
  "model": "DNN-16",
  "learning_rate": 0.01,
  "epochs_trained": 1000,
  "train_mse": 279.17697341478015,
  "val_mse": 252.12396153121884,
  "test_mse": 244.4492490545861,
  "train_r2": 0.5922731327571908,
  "val_r2": 0.6404536736953772,
  "test_r2": 0.63452414441701,
  "n_features": 31,
  "n_train": 2132,
  "n_val": 457,
  "n_test": 458
}