{
  "timestamp": "2025-09-25T14:38:18",
  "model": "DNN-16",
  "learning_rate": 0.001,
  "epochs_trained": 1000,
  "train_mse": 505.5068710218842,
  "val_mse": 459.0764682106117,
  "test_mse": 459.7108652489851,
  "train_r2": 0.26172731808634253,
  "val_r2": 0.34532498761491903,
  "test_r2": 0.3126866928515225,
  "n_features": 31,
  "n_train": 2132,
  "n_val": 457,
  "n_test": 458
}