{
  "timestamp": "2025-09-25T14:38:45",
  "model": "DNN-16",
  "learning_rate": 0.0001,
  "epochs_trained": 1000,
  "train_mse": 29046.902051233265,
  "val_mse": 28396.319384986913,
  "test_mse": 28930.30506116387,
  "train_r2": -41.4218452961818,
  "val_r2": -39.49512887802447,
  "test_r2": -42.253673453276676,
  "n_features": 31,
  "n_train": 2132,
  "n_val": 457,
  "n_test": 458
}