{
  "timestamp": "2025-09-25T13:36:54",
  "model": "DNN-30-16-8",
  "learning_rate": 0.01,
  "epochs_trained": 1000,
  "train_mse": 140.44022565931868,
  "val_mse": 159.3688787640112,
  "test_mse": 151.58677246934528,
  "train_r2": 0.7948926355116233,
  "val_r2": 0.7727288809088783,
  "test_r2": 0.7733627508467954
}