{
  "timestamp": "2025-09-25T13:36:23",
  "model": "DNN-30-16-8",
  "learning_rate": 0.1,
  "epochs_trained": 427,
  "train_mse": 145.08926815628467,
  "val_mse": 160.0071896958284,
  "test_mse": 164.30552425475025,
  "train_r2": 0.7881028938299182,
  "val_r2": 0.7718186050700364,
  "test_r2": 0.7543469563262708
}