{
  "timestamp": "2025-09-25T13:37:22",
  "model": "DNN-30-16-8",
  "learning_rate": 0.001,
  "epochs_trained": 946,
  "train_mse": 356.7523206008316,
  "val_mse": 343.9327032141445,
  "test_mse": 344.05412398102413,
  "train_r2": 0.47897742324160275,
  "val_r2": 0.5095280147684345,
  "test_r2": 0.485604984203727
}