{
  "timestamp": "2025-09-25T13:39:15",
  "model": "DNN-30-16-8-4",
  "learning_rate": 0.001,
  "epochs_trained": 524,
  "train_mse": 552.5963082205933,
  "val_mse": 530.9427074162659,
  "test_mse": 525.3379194054191,
  "train_r2": 0.1929550677305394,
  "val_r2": 0.24283872595698963,
  "test_r2": 0.21456774235371168
}