{
  "timestamp": "2025-09-25T13:39:46",
  "model": "DNN-30-16-8-4",
  "learning_rate": 0.0001,
  "epochs_trained": 1000,
  "train_mse": 10206.941870099146,
  "val_mse": 9729.901229845651,
  "test_mse": 9573.253760150988,
  "train_r2": -13.90683268724289,
  "val_r2": -12.87551671507691,
  "test_r2": -13.31296321112023
}