{
  "timestamp": "2025-09-25T13:34:45",
  "model": "DNN-30-8",
  "learning_rate": 0.0001,
  "epochs_trained": 1000,
  "train_mse": 22825.010827971226,
  "val_mse": 22100.666247381858,
  "test_mse": 22622.64512663193,
  "train_r2": -32.335020599443205,
  "val_r2": -30.51708909328237,
  "test_r2": -32.823096676234385
}