{
  "timestamp": "2025-09-25T13:41:02",
  "model": "DNN-40-8",
  "learning_rate": 0.01,
  "epochs_trained": 1365,
  "train_mse": 127.87798977033236,
  "val_mse": 152.03043575842463,
  "test_mse": 144.635631530033,
  "train_r2": 0.8132392814471093,
  "val_r2": 0.7831940116621399,
  "test_r2": 0.7837553955037067
}