{
  "timestamp": "2025-09-25T13:42:32",
  "model": "DNN-40-8",
  "learning_rate": 0.0001,
  "epochs_trained": 1500,
  "train_mse": 16766.0130439596,
  "val_mse": 15950.747755071417,
  "test_mse": 16356.765776419554,
  "train_r2": -23.486095292713753,
  "val_r2": -21.746877061256654,
  "test_r2": -23.454986013774185
}